PLOT NUMBER,SIZE PER PLOT, PRICE PER HA , FINAL VALUE ,BUYER'S NAME, DEPOSIT ,BALANCE
G001,0.1869," 205,882,352.00 "," 38,479,411.59 ",,," 38,479,411.59 "
G002,0.3503," 205,882,352.00 "," 72,120,587.91 ",,," 72,120,587.91 "
G003,0.3503," 205,882,352.00 "," 72,120,587.91 ",,," 72,120,587.91 "
G004,0.3503," 205,882,352.00 "," 72,120,587.91 ",,," 72,120,587.91 "
G005,0.3503," 205,882,352.00 "," 72,120,587.91 ",,," 72,120,587.91 "
G006,0.3503," 205,882,352.00 "," 72,120,587.91 ",,," 72,120,587.91 "
G007,0.3503," 205,882,352.00 "," 72,120,587.91 ",,," 72,120,587.91 "
G008,0.3503," 205,882,352.00 "," 72,120,587.91 ",,," 72,120,587.91 "
G009,0.397," 205,882,352.00 "," 81,735,293.74 ",,    ," 81,735,293.74 "
G010,0.3503," 205,882,352.00 "," 72,120,587.91 ",,," 72,120,587.91 "
G011,0.3503," 205,882,352.00 "," 72,120,587.91 ",,," 72,120,587.91 "
G012,0.3503," 205,882,352.00 "," 72,120,587.91 ",,," 72,120,587.91 "
G013,0.3503," 205,882,352.00 "," 72,120,587.91 ",,," 72,120,587.91 "
G014,0.3503," 205,882,352.00 "," 72,120,587.91 ",,," 72,120,587.91 "
G015,0.3515," 205,882,352.00 "," 72,367,646.73 ",,," 72,367,646.73 "
G016,0.3107," 205,882,352.00 "," 63,967,646.77 ",,," 63,967,646.77 "
G017,1.9108," 205,882,352.00 "," 393,399,998.20 ",,," 393,399,998.20 "
G018,1.8586," 205,882,352.00 "," 382,652,939.43 ",,," 382,652,939.43 "
G019,0.5399," 205,882,352.00 "," 111,155,881.84 ",,," 111,155,881.84 "
G020,0.5399," 205,882,352.00 "," 111,155,881.84 ",,," 111,155,881.84 "
G021,0.5399," 205,882,352.00 "," 111,155,881.84 ",,," 111,155,881.84 "
G022,0.5399," 205,882,352.00 "," 111,155,881.84 ",,," 111,155,881.84 "
G023,0.5399," 205,882,352.00 "," 111,155,881.84 ",,," 111,155,881.84 "
G024,0.5399," 205,882,352.00 "," 111,155,881.84 ",,," 111,155,881.84 "
G025,3.4165," 205,882,352.00 "," 703,397,055.61 ",,," 703,397,055.61 "
G026,0.8355," 205,882,352.00 "," 172,014,705.10 ",,," 172,014,705.10 "
G027,0.3142," 205,882,352.00 "," 64,688,235.00 ",,," 64,688,235.00 "
G028,0.36," 205,882,352.00 "," 74,117,646.72 ",,," 74,117,646.72 "
G029,0.36," 205,882,352.00 "," 74,117,646.72 ",,," 74,117,646.72 "
G030,0.36," 205,882,352.00 "," 74,117,646.72 ",,," 74,117,646.72 "
G031,0.36," 205,882,352.00 "," 74,117,646.72 ",,," 74,117,646.72 "
G032,0.36," 205,882,352.00 "," 74,117,646.72 ",,," 74,117,646.72 "
G033,0.36," 205,882,352.00 "," 74,117,646.72 ",,," 74,117,646.72 "
G034,0.3552," 205,882,352.00 "," 73,129,411.43 ",,," 73,129,411.43 "
G035,0.5178," 205,882,352.00 "," 106,605,881.87 ",,," 106,605,881.87 "
G036,0.4585," 205,882,352.00 "," 94,397,058.39 ",,," 94,397,058.39 "
G037,0.3945," 205,882,352.00 "," 81,220,587.86 ",,," 81,220,587.86 "
G038,0.7993," 205,882,352.00 "," 164,561,763.95 ",,," 164,561,763.95 "
G039,0.6569," 205,882,352.00 "," 135,244,117.03 ",,," 135,244,117.03 "
G040,0.514," 205,882,352.00 "," 105,823,528.93 ",,," 105,823,528.93 "
G041,0.3503," 205,882,352.00 "," 72,120,587.91 ",,," 72,120,587.91 "
G042,0.3503," 205,882,352.00 "," 72,120,587.91 ",,," 72,120,587.91 "
G043,0.3503," 205,882,352.00 "," 72,120,587.91 ",,," 72,120,587.91 "
G044,0.3503," 205,882,352.00 "," 72,120,587.91 ",,," 72,120,587.91 "
G045,0.3503," 205,882,352.00 "," 72,120,587.91 ",,," 72,120,587.91 "
G046,0.3488," 205,882,352.00 "," 71,811,764.38 ",,," 71,811,764.38 "
G047,0.3485," 205,882,352.00 "," 71,749,999.67 ",,," 71,749,999.67 "
G048,0.3503," 205,882,352.00 "," 72,120,587.91 ",,," 72,120,587.91 "
G049,0.3503," 205,882,352.00 "," 72,120,587.91 ",,," 72,120,587.91 "
G050,0.4335," 205,882,352.00 "," 89,249,999.59 ",,," 89,249,999.59 "
G051,0.5818," 205,882,352.00 "," 119,782,352.39 ",,," 119,782,352.39 "
G052,0.7826," 205,882,352.00 "," 161,123,528.68 ",,," 161,123,528.68 "
G053,0.7236," 205,882,352.00 "," 148,976,469.91 ",,," 148,976,469.91 "
G054,0.6531," 205,882,352.00 "," 134,461,764.09 ",,," 134,461,764.09 "
G055,3.3967," 205,882,352.00 "," 699,320,585.04 ",,," 699,320,585.04 "
G056,0.2009," 205,882,352.00 "," 41,361,764.52 ",,," 41,361,764.52 "
G057,0.2009," 205,882,352.00 "," 41,361,764.52 ",,," 41,361,764.52 "
G058,0.2009," 205,882,352.00 "," 41,361,764.52 ",,," 41,361,764.52 "
G059,0.2009," 205,882,352.00 "," 41,361,764.52 ",,," 41,361,764.52 "
G060,0.2009," 205,882,352.00 "," 41,361,764.52 ",,," 41,361,764.52 "
G061,0.2009," 205,882,352.00 "," 41,361,764.52 ",,," 41,361,764.52 "
G062,0.21294," 205,882,352.00 "," 43,840,588.03 ",,," 43,840,588.03 "
G063,0.1891," 205,882,352.00 "," 38,932,352.76 ",,," 38,932,352.76 "
G064,0.0884," 205,882,352.00 "," 18,199,999.92 ",,," 18,199,999.92 "
G065,0.0884," 205,882,352.00 "," 18,199,999.92 ",,," 18,199,999.92 "
G066,0.0884," 205,882,352.00 "," 18,199,999.92 ",,," 18,199,999.92 "
G067,0.0884," 205,882,352.00 "," 18,199,999.92 ",,," 18,199,999.92 "
G068,0.0884," 205,882,352.00 "," 18,199,999.92 ",,," 18,199,999.92 "
G069,0.0872," 205,882,352.00 "," 17,952,941.09 ",,," 17,952,941.09 "
G070,0.0872," 205,882,352.00 "," 17,952,941.09 ",,," 17,952,941.09 "
G071,0.0884," 205,882,352.00 "," 18,199,999.92 ",,," 18,199,999.92 "
G072,0.0884," 205,882,352.00 "," 18,199,999.92 ",,," 18,199,999.92 "
G073,0.0884," 205,882,352.00 "," 18,199,999.92 ",,," 18,199,999.92 "
G074,0.0884," 205,882,352.00 "," 18,199,999.92 ",,," 18,199,999.92 "
G075,0.0884," 205,882,352.00 "," 18,199,999.92 ",,," 18,199,999.92 "
G076,0.1313," 205,882,352.00 "," 27,032,352.82 ",,," 27,032,352.82 "
G077,0.0518," 205,882,352.00 "," 10,664,705.83 ",,," 10,664,705.83 "
G078,0.0884," 205,882,352.00 "," 18,199,999.92 ",,," 18,199,999.92 "
G079,0.0884," 205,882,352.00 "," 18,199,999.92 ",,," 18,199,999.92 "
G080,0.0884," 205,882,352.00 "," 18,199,999.92 ",,," 18,199,999.92 "
G081,0.0884," 205,882,352.00 "," 18,199,999.92 ",,," 18,199,999.92 "
G082,0.0884," 205,882,352.00 "," 18,199,999.92 ",,," 18,199,999.92 "
G083,0.0884," 205,882,352.00 "," 18,199,999.92 ",,," 18,199,999.92 "
G084,0.0884," 205,882,352.00 "," 18,199,999.92 ",,," 18,199,999.92 "
G085,0.0884," 205,882,352.00 "," 18,199,999.92 ",,," 18,199,999.92 "
G086,0.0872," 205,882,352.00 "," 17,952,941.09 ",,," 17,952,941.09 "
G087,0.0872," 205,882,352.00 "," 17,952,941.09 ",,," 17,952,941.09 "
G088,0.0884," 205,882,352.00 "," 18,199,999.92 ",,," 18,199,999.92 "
G089,0.0884," 205,882,352.00 "," 18,199,999.92 ",,," 18,199,999.92 "
G090,0.0884," 205,882,352.00 "," 18,199,999.92 ",,," 18,199,999.92 "
G091,0.0884," 205,882,352.00 "," 18,199,999.92 ",,," 18,199,999.92 "
G092,0.0884," 205,882,352.00 "," 18,199,999.92 ",,," 18,199,999.92 "
G093,0.0884," 205,882,352.00 "," 18,199,999.92 ",,," 18,199,999.92 "
G094,0.0884," 205,882,352.00 "," 18,199,999.92 ",,," 18,199,999.92 "
G095,0.0884," 205,882,352.00 "," 18,199,999.92 ",,," 18,199,999.92 "
G096,0.0518," 205,882,352.00 "," 10,664,705.83 ",,," 10,664,705.83 "
G097,0.1226," 205,882,352.00 "," 25,241,176.36 ",,," 25,241,176.36 "
G098,0.1238," 205,882,352.00 "," 25,488,235.18 ",,," 25,488,235.18 "
G099,0.1238," 205,882,352.00 "," 25,488,235.18 ",,," 25,488,235.18 "
G100,0.1238," 205,882,352.00 "," 25,488,235.18 ",,," 25,488,235.18 "
G101,0.1238," 205,882,352.00 "," 25,488,235.18 ",,," 25,488,235.18 "
G102,0.1238," 205,882,352.00 "," 25,488,235.18 ",,," 25,488,235.18 "
G103,0.1238," 205,882,352.00 "," 25,488,235.18 ",,," 25,488,235.18 "
G104,0.1238," 205,882,352.00 "," 25,488,235.18 ",,," 25,488,235.18 "
G105,0.1238," 205,882,352.00 "," 25,488,235.18 ",,," 25,488,235.18 "
G106,0.1238," 205,882,352.00 "," 25,488,235.18 ",,," 25,488,235.18 "
G107,0.1238," 205,882,352.00 "," 25,488,235.18 ",,," 25,488,235.18 "
G108,0.1238," 205,882,352.00 "," 25,488,235.18 ",,," 25,488,235.18 "
G109,0.1238," 205,882,352.00 "," 25,488,235.18 ",,," 25,488,235.18 "
G110,0.1238," 205,882,352.00 "," 25,488,235.18 ",,," 25,488,235.18 "
G111,0.1238," 205,882,352.00 "," 25,488,235.18 ",,," 25,488,235.18 "
G112,0.1238," 205,882,352.00 "," 25,488,235.18 ",,," 25,488,235.18 "
G113,0.1238," 205,882,352.00 "," 25,488,235.18 ",,," 25,488,235.18 "
G114,0.1238," 205,882,352.00 "," 25,488,235.18 ",,," 25,488,235.18 "
G115,0.1893," 205,882,352.00 "," 38,973,529.23 ",,," 38,973,529.23 "
G116,0.2407," 205,882,352.00 "," 49,555,882.13 ",,," 49,555,882.13 "
G117,0.0884," 205,882,352.00 "," 18,199,999.92 ",,," 18,199,999.92 "
G118,0.0884," 205,882,352.00 "," 18,199,999.92 ",,," 18,199,999.92 "
G119,0.0884," 205,882,352.00 "," 18,199,999.92 ",,," 18,199,999.92 "
G120,0.0884," 205,882,352.00 "," 18,199,999.92 ",,," 18,199,999.92 "
G121,0.0884," 205,882,352.00 "," 18,199,999.92 ",,," 18,199,999.92 "
G122,0.0884," 205,882,352.00 "," 18,199,999.92 ",,," 18,199,999.92 "
G123,0.0884," 205,882,352.00 "," 18,199,999.92 ",,," 18,199,999.92 "
G124,0.0884," 205,882,352.00 "," 18,199,999.92 ",,," 18,199,999.92 "
G125,0.0884," 205,882,352.00 "," 18,199,999.92 ",,," 18,199,999.92 "
G126,0.0884," 205,882,352.00 "," 18,199,999.92 ",,," 18,199,999.92 "
G127,0.0884," 205,882,352.00 "," 18,199,999.92 ",,," 18,199,999.92 "
G128,0.0884," 205,882,352.00 "," 18,199,999.92 ",,," 18,199,999.92 "
G129,0.0884," 205,882,352.00 "," 18,199,999.92 ",,," 18,199,999.92 "
G130,0.0884," 205,882,352.00 "," 18,199,999.92 ",,," 18,199,999.92 "
G131,0.0884," 205,882,352.00 "," 18,199,999.92 ",,," 18,199,999.92 "
G132,0.0884," 205,882,352.00 "," 18,199,999.92 ",,," 18,199,999.92 "
G133,0.0884," 205,882,352.00 "," 18,199,999.92 ",,," 18,199,999.92 "
G134,0.2015," 205,882,352.00 "," 41,485,293.93 ",,," 41,485,293.93 "
G135,0.0884," 205,882,352.00 "," 18,199,999.92 ",,," 18,199,999.92 "
G136,0.0884," 205,882,352.00 "," 18,199,999.92 ",,," 18,199,999.92 "
G137,0.0884," 205,882,352.00 "," 18,199,999.92 ",,," 18,199,999.92 "
G138,0.0884," 205,882,352.00 "," 18,199,999.92 ",,," 18,199,999.92 "
G139,0.0884," 205,882,352.00 "," 18,199,999.92 ",,," 18,199,999.92 "
G140,0.0884," 205,882,352.00 "," 18,199,999.92 ",,," 18,199,999.92 "
G141,0.0884," 205,882,352.00 "," 18,199,999.92 ",,," 18,199,999.92 "
G142,0.0884," 205,882,352.00 "," 18,199,999.92 ",,," 18,199,999.92 "
G143,0.0884," 205,882,352.00 "," 18,199,999.92 ",,," 18,199,999.92 "
G144,0.0884," 205,882,352.00 "," 18,199,999.92 ",,," 18,199,999.92 "
G145,0.0884," 205,882,352.00 "," 18,199,999.92 ",,," 18,199,999.92 "
G146,0.0884," 205,882,352.00 "," 18,199,999.92 ",,," 18,199,999.92 "
G147,0.0884," 205,882,352.00 "," 18,199,999.92 ",,," 18,199,999.92 "
G148,0.0884," 205,882,352.00 "," 18,199,999.92 ",,," 18,199,999.92 "
G149,0.0872," 205,882,352.00 "," 17,952,941.09 ",,," 17,952,941.09 "
G150,0.0872," 205,882,352.00 "," 17,952,941.09 ",,," 17,952,941.09 "
G151,0.0884," 205,882,352.00 "," 18,199,999.92 ",,," 18,199,999.92 "
G152,0.0884," 205,882,352.00 "," 18,199,999.92 ",,," 18,199,999.92 "
G153,0.0884," 205,882,352.00 "," 18,199,999.92 ",,," 18,199,999.92 "
G154,0.0884," 205,882,352.00 "," 18,199,999.92 ",,," 18,199,999.92 "
G155,0.0884," 205,882,352.00 "," 18,199,999.92 ",,," 18,199,999.92 "
G156,0.0884," 205,882,352.00 "," 18,199,999.92 ",,," 18,199,999.92 "
G157,0.0884," 205,882,352.00 "," 18,199,999.92 ",,," 18,199,999.92 "
G158,0.0884," 205,882,352.00 "," 18,199,999.92 ",,," 18,199,999.92 "
G159,0.0884," 205,882,352.00 "," 18,199,999.92 ",,," 18,199,999.92 "
G160,0.0884," 205,882,352.00 "," 18,199,999.92 ",,," 18,199,999.92 "
G161,0.0884," 205,882,352.00 "," 18,199,999.92 ",,," 18,199,999.92 "
G162,0.0884," 205,882,352.00 "," 18,199,999.92 ",,," 18,199,999.92 "
G163,0.0884," 205,882,352.00 "," 18,199,999.92 ",,," 18,199,999.92 "
G164,0.0884," 205,882,352.00 "," 18,199,999.92 ",,," 18,199,999.92 "
G165,0.2908," 205,882,352.00 "," 59,870,587.96 ",,," 59,870,587.96 "
G166,2.948," 205,882,352.00 "," 606,941,173.70 ",,," 606,941,173.70 "
G167,2.937," 205,882,352.00 "," 604,676,467.82 ",,," 604,676,467.82 "
G168,1.159," 205,882,352.00 "," 238,617,645.97 ",,," 238,617,645.97 "
G169,2.948," 205,882,352.00 "," 606,941,173.70 ",,," 606,941,173.70 "
G170,2.479," 205,882,352.00 "," 510,382,350.61 ",,," 510,382,350.61 "
G171,0.0884," 205,882,352.00 "," 18,199,999.92 ",,," 18,199,999.92 "
G172,0.0884," 205,882,352.00 "," 18,199,999.92 ",,," 18,199,999.92 "
G173,0.0884," 205,882,352.00 "," 18,199,999.92 ",,," 18,199,999.92 "
G174,0.0884," 205,882,352.00 "," 18,199,999.92 ",,," 18,199,999.92 "
G175,0.0884," 205,882,352.00 "," 18,199,999.92 ",,," 18,199,999.92 "
G176,0.0884," 205,882,352.00 "," 18,199,999.92 ",,," 18,199,999.92 "
G177,0.0884," 205,882,352.00 "," 18,199,999.92 ",,," 18,199,999.92 "
G178,0.0884," 205,882,352.00 "," 18,199,999.92 ",,," 18,199,999.92 "
G179,0.0884," 205,882,352.00 "," 18,199,999.92 ",,," 18,199,999.92 "
G180,0.0884," 205,882,352.00 "," 18,199,999.92 ",,," 18,199,999.92 "
G181,0.2," 205,882,352.00 "," 41,176,470.40 ",,," 41,176,470.40 "
G182,0.2," 205,882,352.00 "," 41,176,470.40 ",,," 41,176,470.40 "
G183,0.0884," 205,882,352.00 "," 18,199,999.92 ",,," 18,199,999.92 "
G184,0.0884," 205,882,352.00 "," 18,199,999.92 ",,," 18,199,999.92 "
G185,0.0884," 205,882,352.00 "," 18,199,999.92 ",,," 18,199,999.92 "
G186,0.0884," 205,882,352.00 "," 18,199,999.92 ",,," 18,199,999.92 "
G187,0.0884," 205,882,352.00 "," 18,199,999.92 ",,," 18,199,999.92 "
G188,0.0884," 205,882,352.00 "," 18,199,999.92 ",,," 18,199,999.92 "
G189,0.0884," 205,882,352.00 "," 18,199,999.92 ",,," 18,199,999.92 "
G190,0.0884," 205,882,352.00 "," 18,199,999.92 ",,," 18,199,999.92 "
G191,0.0884," 205,882,352.00 "," 18,199,999.92 ",,," 18,199,999.92 "
G192,0.0884," 205,882,352.00 "," 18,199,999.92 ",,," 18,199,999.92 "
K001,0.043," 205,882,352.00 "," 8,852,941.14 ",,," 8,852,941.14 "
K002,0.0442," 205,882,352.00 "," 9,099,999.96 ",,," 9,099,999.96 "
K003,0.0442," 205,882,352.00 "," 9,099,999.96 ",,," 9,099,999.96 "
K004,0.0442," 205,882,352.00 "," 9,099,999.96 ",,," 9,099,999.96 "
K005,0.0442," 205,882,352.00 "," 9,099,999.96 ",,," 9,099,999.96 "
K006,0.0442," 205,882,352.00 "," 9,099,999.96 ",,," 9,099,999.96 "
K007,0.0442," 205,882,352.00 "," 9,099,999.96 ",,," 9,099,999.96 "
K008,0.0442," 205,882,352.00 "," 9,099,999.96 ",,," 9,099,999.96 "
K009,0.0442," 205,882,352.00 "," 9,099,999.96 ",,," 9,099,999.96 "
K010,0.0442," 205,882,352.00 "," 9,099,999.96 ",,," 9,099,999.96 "
K011,0.0442," 205,882,352.00 "," 9,099,999.96 ",,," 9,099,999.96 "
K012,0.0442," 205,882,352.00 "," 9,099,999.96 ",,," 9,099,999.96 "
K013,0.1199," 205,882,352.00 "," 24,685,294.00 ",,," 24,685,294.00 "
K014,0.0785," 205,882,352.00 "," 16,161,764.63 ",,," 16,161,764.63 "
K015,0.0442," 205,882,352.00 "," 9,099,999.96 ",,," 9,099,999.96 "
K016,0.0442," 205,882,352.00 "," 9,099,999.96 ",,," 9,099,999.96 "
K017,0.0442," 205,882,352.00 "," 9,099,999.96 ",,," 9,099,999.96 "
K018,0.0442," 205,882,352.00 "," 9,099,999.96 ",,," 9,099,999.96 "
K019,0.0442," 205,882,352.00 "," 9,099,999.96 ",,," 9,099,999.96 "
K020,0.0442," 205,882,352.00 "," 9,099,999.96 ",,," 9,099,999.96 "
K021,0.0442," 205,882,352.00 "," 9,099,999.96 ",,," 9,099,999.96 "
K022,0.0442," 205,882,352.00 "," 9,099,999.96 ",,," 9,099,999.96 "
K023,0.0442," 205,882,352.00 "," 9,099,999.96 ",,," 9,099,999.96 "
K024,0.0442," 205,882,352.00 "," 9,099,999.96 ",,," 9,099,999.96 "
K025,0.0442," 205,882,352.00 "," 9,099,999.96 ",,," 9,099,999.96 "
K026,0.0442," 205,882,352.00 "," 9,099,999.96 ",,," 9,099,999.96 "
K027,0.0442," 205,882,352.00 "," 9,099,999.96 ",,," 9,099,999.96 "
K028,0.0442," 205,882,352.00 "," 9,099,999.96 ",,," 9,099,999.96 "
K029,0.0442," 205,882,352.00 "," 9,099,999.96 ",,," 9,099,999.96 "
K030,0.0442," 205,882,352.00 "," 9,099,999.96 ",,," 9,099,999.96 "
K031,0.0442," 205,882,352.00 "," 9,099,999.96 ",,," 9,099,999.96 "
K032,0.0442," 205,882,352.00 "," 9,099,999.96 ",,," 9,099,999.96 "
K033,0.0442," 205,882,352.00 "," 9,099,999.96 ",,," 9,099,999.96 "
K034,0.0442," 205,882,352.00 "," 9,099,999.96 ",,," 9,099,999.96 "
K035,0.0442," 205,882,352.00 "," 9,099,999.96 ",,," 9,099,999.96 "
K036,0.0442," 205,882,352.00 "," 9,099,999.96 ",,," 9,099,999.96 "
K037,0.0811," 205,882,352.00 "," 16,697,058.75 ",,," 16,697,058.75 "
K038,0.0442," 205,882,352.00 "," 9,099,999.96 ",,," 9,099,999.96 "
K039,0.0442," 205,882,352.00 "," 9,099,999.96 ",,," 9,099,999.96 "
K040,0.0442," 205,882,352.00 "," 9,099,999.96 ",,," 9,099,999.96 "
K041,0.0442," 205,882,352.00 "," 9,099,999.96 ",,," 9,099,999.96 "
K042,0.0442," 205,882,352.00 "," 9,099,999.96 ",,," 9,099,999.96 "
K043,0.0442," 205,882,352.00 "," 9,099,999.96 ",,," 9,099,999.96 "
K044,0.0442," 205,882,352.00 "," 9,099,999.96 ",,," 9,099,999.96 "
K045,0.0442," 205,882,352.00 "," 9,099,999.96 ",,," 9,099,999.96 "
K046,0.0442," 205,882,352.00 "," 9,099,999.96 ",,," 9,099,999.96 "
K047,0.0442," 205,882,352.00 "," 9,099,999.96 ",,," 9,099,999.96 "
K048,0.0442," 205,882,352.00 "," 9,099,999.96 ",,," 9,099,999.96 "
K049,0.0442," 205,882,352.00 "," 9,099,999.96 ",,," 9,099,999.96 "
K050,0.0442," 205,882,352.00 "," 9,099,999.96 ",,," 9,099,999.96 "
K051,0.0442," 205,882,352.00 "," 9,099,999.96 ",,," 9,099,999.96 "
K052,0.0442," 205,882,352.00 "," 9,099,999.96 ",,," 9,099,999.96 "
K053,0.0442," 205,882,352.00 "," 9,099,999.96 ",,," 9,099,999.96 "
K054,0.0442," 205,882,352.00 "," 9,099,999.96 ",,," 9,099,999.96 "
K055,0.0442," 205,882,352.00 "," 9,099,999.96 ",,," 9,099,999.96 "
K056,0.0442," 205,882,352.00 "," 9,099,999.96 ",,," 9,099,999.96 "
K057,0.0442," 205,882,352.00 "," 9,099,999.96 ",,," 9,099,999.96 "
K058,0.0442," 205,882,352.00 "," 9,099,999.96 ",,," 9,099,999.96 "
K059,0.0442," 205,882,352.00 "," 9,099,999.96 ",,," 9,099,999.96 "
K060,0.0442," 205,882,352.00 "," 9,099,999.96 ",,," 9,099,999.96 "
K061,0.0442," 205,882,352.00 "," 9,099,999.96 ",,," 9,099,999.96 "
K062,0.0442," 205,882,352.00 "," 9,099,999.96 ",,," 9,099,999.96 "
K063,0.0442," 205,882,352.00 "," 9,099,999.96 ",,," 9,099,999.96 "
K064,0.0442," 205,882,352.00 "," 9,099,999.96 ",,," 9,099,999.96 "
K065,0.0442," 205,882,352.00 "," 9,099,999.96 ",,," 9,099,999.96 "
K066,0.0442," 205,882,352.00 "," 9,099,999.96 ",,," 9,099,999.96 "
K067,0.0442," 205,882,352.00 "," 9,099,999.96 ",,," 9,099,999.96 "
K068,0.0442," 205,882,352.00 "," 9,099,999.96 ",,," 9,099,999.96 "
K069,0.0442," 205,882,352.00 "," 9,099,999.96 ",,," 9,099,999.96 "
K070,0.0442," 205,882,352.00 "," 9,099,999.96 ",,," 9,099,999.96 "
K071,0.0442," 205,882,352.00 "," 9,099,999.96 ",,," 9,099,999.96 "
K072,0.0442," 205,882,352.00 "," 9,099,999.96 ",,," 9,099,999.96 "
K073,0.0442," 205,882,352.00 "," 9,099,999.96 ",,," 9,099,999.96 "
K074,0.0442," 205,882,352.00 "," 9,099,999.96 ",,," 9,099,999.96 "
K075,0.0442," 205,882,352.00 "," 9,099,999.96 ",,," 9,099,999.96 "
K076,0.0442," 205,882,352.00 "," 9,099,999.96 ",,," 9,099,999.96 "
K077,0.0442," 205,882,352.00 "," 9,099,999.96 ",,," 9,099,999.96 "
K078,0.0442," 205,882,352.00 "," 9,099,999.96 ",,," 9,099,999.96 "
K079,0.0442," 205,882,352.00 "," 9,099,999.96 ",,," 9,099,999.96 "
K080,0.0442," 205,882,352.00 "," 9,099,999.96 ",,," 9,099,999.96 "
K081,0.0442," 205,882,352.00 "," 9,099,999.96 ",,," 9,099,999.96 "
K082,0.0442," 205,882,352.00 "," 9,099,999.96 ",,," 9,099,999.96 "
K083,0.0442," 205,882,352.00 "," 9,099,999.96 ",,," 9,099,999.96 "
K084,0.0442," 205,882,352.00 "," 9,099,999.96 ",,," 9,099,999.96 "
K085,0.0442," 205,882,352.00 "," 9,099,999.96 ",,," 9,099,999.96 "
K086,0.0442," 205,882,352.00 "," 9,099,999.96 ",,," 9,099,999.96 "
K087,0.0442," 205,882,352.00 "," 9,099,999.96 ",,," 9,099,999.96 "
K088,0.0442," 205,882,352.00 "," 9,099,999.96 ",,," 9,099,999.96 "
K089,0.0442," 205,882,352.00 "," 9,099,999.96 ",,," 9,099,999.96 "
K090,0.0442," 205,882,352.00 "," 9,099,999.96 ",,," 9,099,999.96 "
K091,0.0442," 205,882,352.00 "," 9,099,999.96 ",,," 9,099,999.96 "
K092,0.0442," 205,882,352.00 "," 9,099,999.96 ",,," 9,099,999.96 "
K093,0.0442," 205,882,352.00 "," 9,099,999.96 ",,," 9,099,999.96 "
K094,0.0442," 205,882,352.00 "," 9,099,999.96 ",,," 9,099,999.96 "
K095,0.0442," 205,882,352.00 "," 9,099,999.96 ",,," 9,099,999.96 "
K096,0.0442," 205,882,352.00 "," 9,099,999.96 ",,," 9,099,999.96 "
K097,0.0442," 205,882,352.00 "," 9,099,999.96 ",,," 9,099,999.96 "
K098,0.0442," 205,882,352.00 "," 9,099,999.96 ",,," 9,099,999.96 "
K099,0.0442," 205,882,352.00 "," 9,099,999.96 ",,," 9,099,999.96 "
K100,0.0442," 205,882,352.00 "," 9,099,999.96 ",,," 9,099,999.96 "
K101,0.0442," 205,882,352.00 "," 9,099,999.96 ",,," 9,099,999.96 "
K102,0.0442," 205,882,352.00 "," 9,099,999.96 ",,," 9,099,999.96 "
K103,0.0442," 205,882,352.00 "," 9,099,999.96 ",,," 9,099,999.96 "
K104,0.0442," 205,882,352.00 "," 9,099,999.96 ",,," 9,099,999.96 "
K105,0.0442," 205,882,352.00 "," 9,099,999.96 ",,," 9,099,999.96 "
K106,0.0442," 205,882,352.00 "," 9,099,999.96 ",,," 9,099,999.96 "
K107,0.0442," 205,882,352.00 "," 9,099,999.96 ",,," 9,099,999.96 "
K108,0.0442," 205,882,352.00 "," 9,099,999.96 ",,," 9,099,999.96 "
K109,0.0442," 205,882,352.00 "," 9,099,999.96 ",,," 9,099,999.96 "
K110,0.0442," 205,882,352.00 "," 9,099,999.96 ",,," 9,099,999.96 "
K111,0.0442," 205,882,352.00 "," 9,099,999.96 ",,," 9,099,999.96 "
K112,0.0442," 205,882,352.00 "," 9,099,999.96 ",,," 9,099,999.96 "
K113,0.0442," 205,882,352.00 "," 9,099,999.96 ",,," 9,099,999.96 "
K114,0.0442," 205,882,352.00 "," 9,099,999.96 ",,," 9,099,999.96 "
K115,0.0442," 205,882,352.00 "," 9,099,999.96 ",,," 9,099,999.96 "
K116,0.0442," 205,882,352.00 "," 9,099,999.96 ",,," 9,099,999.96 "
K117,0.0442," 205,882,352.00 "," 9,099,999.96 ",,," 9,099,999.96 "
K118,0.0442," 205,882,352.00 "," 9,099,999.96 ",,," 9,099,999.96 "
K119,0.0442," 205,882,352.00 "," 9,099,999.96 ",,," 9,099,999.96 "
K120,0.0442," 205,882,352.00 "," 9,099,999.96 ",,," 9,099,999.96 "
K121,0.0442," 205,882,352.00 "," 9,099,999.96 ",,," 9,099,999.96 "
K122,0.0442," 205,882,352.00 "," 9,099,999.96 ",,," 9,099,999.96 "
K123,0.0442," 205,882,352.00 "," 9,099,999.96 ",,," 9,099,999.96 "
K124,0.0442," 205,882,352.00 "," 9,099,999.96 ",,," 9,099,999.96 "
K125,0.0442," 205,882,352.00 "," 9,099,999.96 ",,," 9,099,999.96 "
K126,0.0442," 205,882,352.00 "," 9,099,999.96 ",,," 9,099,999.96 "
K127,0.0442," 205,882,352.00 "," 9,099,999.96 ",,," 9,099,999.96 "
K128,0.0442," 205,882,352.00 "," 9,099,999.96 ",,," 9,099,999.96 "
K129,0.0442," 205,882,352.00 "," 9,099,999.96 ",,," 9,099,999.96 "
K130,0.0442," 205,882,352.00 "," 9,099,999.96 ",,," 9,099,999.96 "
K131,0.0442," 205,882,352.00 "," 9,099,999.96 ",,," 9,099,999.96 "
K132,0.0442," 205,882,352.00 "," 9,099,999.96 ",,," 9,099,999.96 "
K133,0.0442," 205,882,352.00 "," 9,099,999.96 ",,," 9,099,999.96 "
K134,0.0442," 205,882,352.00 "," 9,099,999.96 ",,," 9,099,999.96 "
K135,0.0442," 205,882,352.00 "," 9,099,999.96 ",,," 9,099,999.96 "
K136,0.0442," 205,882,352.00 "," 9,099,999.96 ",,," 9,099,999.96 "
K137,0.0442," 205,882,352.00 "," 9,099,999.96 ",,," 9,099,999.96 "
K138,0.0442," 205,882,352.00 "," 9,099,999.96 ",,," 9,099,999.96 "
K139,0.0442," 205,882,352.00 "," 9,099,999.96 ",,," 9,099,999.96 "
K140,0.0442," 205,882,352.00 "," 9,099,999.96 ",,," 9,099,999.96 "
K141,0.0442," 205,882,352.00 "," 9,099,999.96 ",,," 9,099,999.96 "
K142,0.0442," 205,882,352.00 "," 9,099,999.96 ",,," 9,099,999.96 "
K143,0.0442," 205,882,352.00 "," 9,099,999.96 ",,," 9,099,999.96 "
K144,0.0442," 205,882,352.00 "," 9,099,999.96 ",,," 9,099,999.96 "
K145,0.0442," 205,882,352.00 "," 9,099,999.96 ",,," 9,099,999.96 "
K146,0.0442," 205,882,352.00 "," 9,099,999.96 ",,," 9,099,999.96 "
K147,0.0442," 205,882,352.00 "," 9,099,999.96 ",,," 9,099,999.96 "
K148,0.0442," 205,882,352.00 "," 9,099,999.96 ",,," 9,099,999.96 "
K149,0.0442," 205,882,352.00 "," 9,099,999.96 ",,," 9,099,999.96 "
K150,0.0442," 205,882,352.00 "," 9,099,999.96 ",,," 9,099,999.96 "
K151,0.0442," 205,882,352.00 "," 9,099,999.96 ",,," 9,099,999.96 "
K152,0.0442," 205,882,352.00 "," 9,099,999.96 ",,," 9,099,999.96 "
K153,0.0442," 205,882,352.00 "," 9,099,999.96 ",,," 9,099,999.96 "
K154,0.0442," 205,882,352.00 "," 9,099,999.96 ",,," 9,099,999.96 "
K155,0.0442," 205,882,352.00 "," 9,099,999.96 ",,," 9,099,999.96 "
K156,0.0442," 205,882,352.00 "," 9,099,999.96 ",,," 9,099,999.96 "
K157,0.0442," 205,882,352.00 "," 9,099,999.96 ",,," 9,099,999.96 "
K158,0.0442," 205,882,352.00 "," 9,099,999.96 ",,," 9,099,999.96 "
K159,0.0442," 205,882,352.00 "," 9,099,999.96 ",,," 9,099,999.96 "
K160,0.0442," 205,882,352.00 "," 9,099,999.96 ",,," 9,099,999.96 "
K161,0.0442," 205,882,352.00 "," 9,099,999.96 ",,," 9,099,999.96 "
K162,0.0442," 205,882,352.00 "," 9,099,999.96 ",,," 9,099,999.96 "
K163,0.0442," 205,882,352.00 "," 9,099,999.96 ",,," 9,099,999.96 "
K164,0.0442," 205,882,352.00 "," 9,099,999.96 ",,," 9,099,999.96 "
K165,0.0442," 205,882,352.00 "," 9,099,999.96 ",,," 9,099,999.96 "
K166,0.0442," 205,882,352.00 "," 9,099,999.96 ",,," 9,099,999.96 "
K167,0.0442," 205,882,352.00 "," 9,099,999.96 ",,," 9,099,999.96 "
K168,0.0442," 205,882,352.00 "," 9,099,999.96 ",,," 9,099,999.96 "
K169,0.0442," 205,882,352.00 "," 9,099,999.96 ",,," 9,099,999.96 "
K170,0.0442," 205,882,352.00 "," 9,099,999.96 ",,," 9,099,999.96 "
K171,0.0442," 205,882,352.00 "," 9,099,999.96 ",,," 9,099,999.96 "
K172,0.0442," 205,882,352.00 "," 9,099,999.96 ",,," 9,099,999.96 "
K173,0.0442," 205,882,352.00 "," 9,099,999.96 ",,," 9,099,999.96 "
K174,0.0442," 205,882,352.00 "," 9,099,999.96 ",,," 9,099,999.96 "
K175,0.0442," 205,882,352.00 "," 9,099,999.96 ",,," 9,099,999.96 "
K176,0.0442," 205,882,352.00 "," 9,099,999.96 ",,," 9,099,999.96 "
K177,0.0442," 205,882,352.00 "," 9,099,999.96 ",,," 9,099,999.96 "
K178,0.0442," 205,882,352.00 "," 9,099,999.96 ",,," 9,099,999.96 "
K179,0.0442," 205,882,352.00 "," 9,099,999.96 ",,," 9,099,999.96 "
K180,0.0442," 205,882,352.00 "," 9,099,999.96 ",,," 9,099,999.96 "
K181,0.0442," 205,882,352.00 "," 9,099,999.96 ",,," 9,099,999.96 "
K182,0.0442," 205,882,352.00 "," 9,099,999.96 ",,," 9,099,999.96 "
K183,0.0442," 205,882,352.00 "," 9,099,999.96 ",,," 9,099,999.96 "
K184,0.0442," 205,882,352.00 "," 9,099,999.96 ",,," 9,099,999.96 "
K185,0.0442," 205,882,352.00 "," 9,099,999.96 ",,," 9,099,999.96 "
K186,0.0442," 205,882,352.00 "," 9,099,999.96 ",,," 9,099,999.96 "
K187,0.0442," 205,882,352.00 "," 9,099,999.96 ",,," 9,099,999.96 "
K188,0.0442," 205,882,352.00 "," 9,099,999.96 ",,," 9,099,999.96 "
K189,0.0442," 205,882,352.00 "," 9,099,999.96 ",,," 9,099,999.96 "
K190,0.0442," 205,882,352.00 "," 9,099,999.96 ",,," 9,099,999.96 "
K191,0.0442," 205,882,352.00 "," 9,099,999.96 ",,," 9,099,999.96 "
K192,0.0442," 205,882,352.00 "," 9,099,999.96 ",,," 9,099,999.96 "
K193,0.0442," 205,882,352.00 "," 9,099,999.96 ",,," 9,099,999.96 "
K194,0.0442," 205,882,352.00 "," 9,099,999.96 ",,," 9,099,999.96 "
K195,0.0442," 205,882,352.00 "," 9,099,999.96 ",,," 9,099,999.96 "
K196,0.0442," 205,882,352.00 "," 9,099,999.96 ",,," 9,099,999.96 "
K197,0.0442," 205,882,352.00 "," 9,099,999.96 ",,," 9,099,999.96 "
K198,0.0442," 205,882,352.00 "," 9,099,999.96 ",,," 9,099,999.96 "
K199,0.0442," 205,882,352.00 "," 9,099,999.96 ",,," 9,099,999.96 "
K200,0.0442," 205,882,352.00 "," 9,099,999.96 ",,," 9,099,999.96 "
K201,0.0442," 205,882,352.00 "," 9,099,999.96 ",,," 9,099,999.96 "
K202,0.0442," 205,882,352.00 "," 9,099,999.96 ",,," 9,099,999.96 "
K203,0.0442," 205,882,352.00 "," 9,099,999.96 ",,," 9,099,999.96 "
K204,0.0442," 205,882,352.00 "," 9,099,999.96 ",,," 9,099,999.96 "
K205,0.0442," 205,882,352.00 "," 9,099,999.96 ",,," 9,099,999.96 "
K206,0.0442," 205,882,352.00 "," 9,099,999.96 ",,," 9,099,999.96 "
K207,0.0442," 205,882,352.00 "," 9,099,999.96 ",,," 9,099,999.96 "
K208,0.0442," 205,882,352.00 "," 9,099,999.96 ",,," 9,099,999.96 "
K209,0.0442," 205,882,352.00 "," 9,099,999.96 ",,," 9,099,999.96 "
K210,0.0442," 205,882,352.00 "," 9,099,999.96 ",,," 9,099,999.96 "
K211,0.0442," 205,882,352.00 "," 9,099,999.96 ",,," 9,099,999.96 "
K212,0.0442," 205,882,352.00 "," 9,099,999.96 ",,," 9,099,999.96 "
K213,0.0442," 205,882,352.00 "," 9,099,999.96 ",,," 9,099,999.96 "
K214,0.0442," 205,882,352.00 "," 9,099,999.96 ",,," 9,099,999.96 "
K215,0.0442," 205,882,352.00 "," 9,099,999.96 ",,," 9,099,999.96 "
K216,0.0442," 205,882,352.00 "," 9,099,999.96 ",,," 9,099,999.96 "
K217,0.0442," 205,882,352.00 "," 9,099,999.96 ",,," 9,099,999.96 "
K218,0.0442," 205,882,352.00 "," 9,099,999.96 ",,," 9,099,999.96 "
K219,0.0442," 205,882,352.00 "," 9,099,999.96 ",,," 9,099,999.96 "
K220,0.0442," 205,882,352.00 "," 9,099,999.96 ",,," 9,099,999.96 "
K221,0.0442," 205,882,352.00 "," 9,099,999.96 ",,," 9,099,999.96 "
K222,0.0442," 205,882,352.00 "," 9,099,999.96 ",,," 9,099,999.96 "
K223,0.0442," 205,882,352.00 "," 9,099,999.96 ",,," 9,099,999.96 "
K224,0.0442," 205,882,352.00 "," 9,099,999.96 ",,," 9,099,999.96 "
K225,0.0442," 205,882,352.00 "," 9,099,999.96 ",,," 9,099,999.96 "
K226,0.0442," 205,882,352.00 "," 9,099,999.96 ",,," 9,099,999.96 "
K227,0.0442," 205,882,352.00 "," 9,099,999.96 ",,," 9,099,999.96 "
K228,0.0442," 205,882,352.00 "," 9,099,999.96 ",,," 9,099,999.96 "
K229,0.0442," 205,882,352.00 "," 9,099,999.96 ",,," 9,099,999.96 "
K230,0.0442," 205,882,352.00 "," 9,099,999.96 ",,," 9,099,999.96 "
K231,0.0442," 205,882,352.00 "," 9,099,999.96 ",,," 9,099,999.96 "
K232,0.0442," 205,882,352.00 "," 9,099,999.96 ",,," 9,099,999.96 "
K233,0.0442," 205,882,352.00 "," 9,099,999.96 ",,," 9,099,999.96 "
K234,0.0442," 205,882,352.00 "," 9,099,999.96 ",,," 9,099,999.96 "
K235,0.0442," 205,882,352.00 "," 9,099,999.96 ",,," 9,099,999.96 "
K236,0.0442," 205,882,352.00 "," 9,099,999.96 ",,," 9,099,999.96 "
K237,0.0442," 205,882,352.00 "," 9,099,999.96 ",,," 9,099,999.96 "
K238,0.0442," 205,882,352.00 "," 9,099,999.96 ",,," 9,099,999.96 "
K239,0.0442," 205,882,352.00 "," 9,099,999.96 ",,," 9,099,999.96 "
K240,0.0442," 205,882,352.00 "," 9,099,999.96 ",,," 9,099,999.96 "
K241,0.0442," 205,882,352.00 "," 9,099,999.96 ",,," 9,099,999.96 "
K242,0.0442," 205,882,352.00 "," 9,099,999.96 ",,," 9,099,999.96 "
K243,0.0442," 205,882,352.00 "," 9,099,999.96 ",,," 9,099,999.96 "
K244,0.0442," 205,882,352.00 "," 9,099,999.96 ",,," 9,099,999.96 "
K245,0.0442," 205,882,352.00 "," 9,099,999.96 ",,," 9,099,999.96 "
K246,0.0442," 205,882,352.00 "," 9,099,999.96 ",,," 9,099,999.96 "
K247,0.0442," 205,882,352.00 "," 9,099,999.96 ",,," 9,099,999.96 "
K248,0.0442," 205,882,352.00 "," 9,099,999.96 ",,," 9,099,999.96 "
K249,0.0442," 205,882,352.00 "," 9,099,999.96 ",,," 9,099,999.96 "
K250,0.0442," 205,882,352.00 "," 9,099,999.96 ",,," 9,099,999.96 "
K251,0.0442," 205,882,352.00 "," 9,099,999.96 ",,," 9,099,999.96 "
K252,0.0442," 205,882,352.00 "," 9,099,999.96 ",,," 9,099,999.96 "
K253,0.0442," 205,882,352.00 "," 9,099,999.96 ",,," 9,099,999.96 "
K254,0.0442," 205,882,352.00 "," 9,099,999.96 ",,," 9,099,999.96 "
K255,0.0442," 205,882,352.00 "," 9,099,999.96 ",,," 9,099,999.96 "
K256,0.0442," 205,882,352.00 "," 9,099,999.96 ",,," 9,099,999.96 "
K257,0.0442," 205,882,352.00 "," 9,099,999.96 ",,," 9,099,999.96 "
K258,0.0442," 205,882,352.00 "," 9,099,999.96 ",,," 9,099,999.96 "
K259,0.0442," 205,882,352.00 "," 9,099,999.96 ",,," 9,099,999.96 "
K260,0.0442," 205,882,352.00 "," 9,099,999.96 ",,," 9,099,999.96 "
K261,0.0442," 205,882,352.00 "," 9,099,999.96 ",,," 9,099,999.96 "
K262,0.0442," 205,882,352.00 "," 9,099,999.96 ",,," 9,099,999.96 "
K263,0.0442," 205,882,352.00 "," 9,099,999.96 ",,," 9,099,999.96 "
K264,0.0442," 205,882,352.00 "," 9,099,999.96 ",,," 9,099,999.96 "
K265,0.0442," 205,882,352.00 "," 9,099,999.96 ",,," 9,099,999.96 "
K266,0.0442," 205,882,352.00 "," 9,099,999.96 ",,," 9,099,999.96 "
K267,0.0442," 205,882,352.00 "," 9,099,999.96 ",,," 9,099,999.96 "
K268,0.0442," 205,882,352.00 "," 9,099,999.96 ",,," 9,099,999.96 "
K269,0.0442," 205,882,352.00 "," 9,099,999.96 ",,," 9,099,999.96 "
K270,0.0442," 205,882,352.00 "," 9,099,999.96 ",,," 9,099,999.96 "
K271,0.0442," 205,882,352.00 "," 9,099,999.96 ",,," 9,099,999.96 "
K272,0.0442," 205,882,352.00 "," 9,099,999.96 ",,," 9,099,999.96 "
K273,0.0442," 205,882,352.00 "," 9,099,999.96 ",,," 9,099,999.96 "
K274,0.0442," 205,882,352.00 "," 9,099,999.96 ",,," 9,099,999.96 "
K275,0.0442," 205,882,352.00 "," 9,099,999.96 ",,," 9,099,999.96 "
K276,0.0442," 205,882,352.00 "," 9,099,999.96 ",,," 9,099,999.96 "
K277,0.0442," 205,882,352.00 "," 9,099,999.96 ",,," 9,099,999.96 "
K278,0.0442," 205,882,352.00 "," 9,099,999.96 ",,," 9,099,999.96 "
K279,0.0442," 205,882,352.00 "," 9,099,999.96 ",,," 9,099,999.96 "
K280,0.0442," 205,882,352.00 "," 9,099,999.96 ",,," 9,099,999.96 "
K281,0.0442," 205,882,352.00 "," 9,099,999.96 ",,," 9,099,999.96 "
K282,0.0442," 205,882,352.00 "," 9,099,999.96 ",,," 9,099,999.96 "
K283,0.0442," 205,882,352.00 "," 9,099,999.96 ",,," 9,099,999.96 "
K284,0.1022," 205,882,352.00 "," 21,041,176.37 ",,," 21,041,176.37 "
K285,0.0442," 205,882,352.00 "," 9,099,999.96 ",,," 9,099,999.96 "
K286,0.0442," 205,882,352.00 "," 9,099,999.96 ",,," 9,099,999.96 "
K287,0.0442," 205,882,352.00 "," 9,099,999.96 ",,," 9,099,999.96 "
K288,0.0442," 205,882,352.00 "," 9,099,999.96 ",,," 9,099,999.96 "
K289,0.0442," 205,882,352.00 "," 9,099,999.96 ",,," 9,099,999.96 "
K290,0.0442," 205,882,352.00 "," 9,099,999.96 ",,," 9,099,999.96 "
K291,0.0442," 205,882,352.00 "," 9,099,999.96 ",,," 9,099,999.96 "
K292,0.0442," 205,882,352.00 "," 9,099,999.96 ",,," 9,099,999.96 "
K293,0.0442," 205,882,352.00 "," 9,099,999.96 ",,," 9,099,999.96 "
K294,0.0442," 205,882,352.00 "," 9,099,999.96 ",,," 9,099,999.96 "
K295,0.0442," 205,882,352.00 "," 9,099,999.96 ",,," 9,099,999.96 "
K296,0.0442," 205,882,352.00 "," 9,099,999.96 ",,," 9,099,999.96 "
K297,0.0442," 205,882,352.00 "," 9,099,999.96 ",,," 9,099,999.96 "
K298,0.0442," 205,882,352.00 "," 9,099,999.96 ",,," 9,099,999.96 "
K299,0.0442," 205,882,352.00 "," 9,099,999.96 ",,," 9,099,999.96 "
K300,0.0442," 205,882,352.00 "," 9,099,999.96 ",,," 9,099,999.96 "
K301,0.0442," 205,882,352.00 "," 9,099,999.96 ",,," 9,099,999.96 "
K302,0.0442," 205,882,352.00 "," 9,099,999.96 ",,," 9,099,999.96 "
K303,0.0442," 205,882,352.00 "," 9,099,999.96 ",,," 9,099,999.96 "
K304,0.0442," 205,882,352.00 "," 9,099,999.96 ",,," 9,099,999.96 "
K305,0.0442," 205,882,352.00 "," 9,099,999.96 ",,," 9,099,999.96 "
K306,0.0442," 205,882,352.00 "," 9,099,999.96 ",,," 9,099,999.96 "
K307,0.0442," 205,882,352.00 "," 9,099,999.96 ",,," 9,099,999.96 "
K308,0.0442," 205,882,352.00 "," 9,099,999.96 ",,," 9,099,999.96 "
K309,0.0442," 205,882,352.00 "," 9,099,999.96 ",,," 9,099,999.96 "
K310,0.0442," 205,882,352.00 "," 9,099,999.96 ",,," 9,099,999.96 "
K311,0.0442," 205,882,352.00 "," 9,099,999.96 ",,," 9,099,999.96 "
K312,0.0442," 205,882,352.00 "," 9,099,999.96 ",,," 9,099,999.96 "
K313,0.0442," 205,882,352.00 "," 9,099,999.96 ",,," 9,099,999.96 "
K314,0.0442," 205,882,352.00 "," 9,099,999.96 ",,," 9,099,999.96 "
K315,0.0442," 205,882,352.00 "," 9,099,999.96 ",,," 9,099,999.96 "
K316,0.0442," 205,882,352.00 "," 9,099,999.96 ",,," 9,099,999.96 "
K317,0.0442," 205,882,352.00 "," 9,099,999.96 ",,," 9,099,999.96 "
K318,0.0442," 205,882,352.00 "," 9,099,999.96 ",,," 9,099,999.96 "
K319,0.0442," 205,882,352.00 "," 9,099,999.96 ",,," 9,099,999.96 "
K320,0.0442," 205,882,352.00 "," 9,099,999.96 ",,," 9,099,999.96 "
K321,0.0442," 205,882,352.00 "," 9,099,999.96 ",,," 9,099,999.96 "
K322,0.0442," 205,882,352.00 "," 9,099,999.96 ",,," 9,099,999.96 "
K323,0.0442," 205,882,352.00 "," 9,099,999.96 ",,," 9,099,999.96 "
K324,0.0442," 205,882,352.00 "," 9,099,999.96 ",,," 9,099,999.96 "
K325,0.0442," 205,882,352.00 "," 9,099,999.96 ",,," 9,099,999.96 "
K326,0.0442," 205,882,352.00 "," 9,099,999.96 ",,," 9,099,999.96 "
K327,0.0442," 205,882,352.00 "," 9,099,999.96 ",,," 9,099,999.96 "
K328,0.0442," 205,882,352.00 "," 9,099,999.96 ",,," 9,099,999.96 "
K329,0.0442," 205,882,352.00 "," 9,099,999.96 ",,," 9,099,999.96 "
K330,0.0442," 205,882,352.00 "," 9,099,999.96 ",,," 9,099,999.96 "
K331,0.0442," 205,882,352.00 "," 9,099,999.96 ",,," 9,099,999.96 "
K332,0.0442," 205,882,352.00 "," 9,099,999.96 ",,," 9,099,999.96 "
K333,0.0442," 205,882,352.00 "," 9,099,999.96 ",,," 9,099,999.96 "
K334,0.0442," 205,882,352.00 "," 9,099,999.96 ",,," 9,099,999.96 "
K335,0.0442," 205,882,352.00 "," 9,099,999.96 ",,," 9,099,999.96 "
K336,0.0442," 205,882,352.00 "," 9,099,999.96 ",,," 9,099,999.96 "
K337,0.0442," 205,882,352.00 "," 9,099,999.96 ",,," 9,099,999.96 "
K338,0.0442," 205,882,352.00 "," 9,099,999.96 ",,," 9,099,999.96 "
K339,0.0442," 205,882,352.00 "," 9,099,999.96 ",,," 9,099,999.96 "
K340,0.0442," 205,882,352.00 "," 9,099,999.96 ",,," 9,099,999.96 "
K341,0.0442," 205,882,352.00 "," 9,099,999.96 ",,," 9,099,999.96 "
K342,0.0442," 205,882,352.00 "," 9,099,999.96 ",,," 9,099,999.96 "
K343,0.0442," 205,882,352.00 "," 9,099,999.96 ",,," 9,099,999.96 "
K344,0.0442," 205,882,352.00 "," 9,099,999.96 ",,," 9,099,999.96 "
K345,0.0442," 205,882,352.00 "," 9,099,999.96 ",,," 9,099,999.96 "
K346,0.0442," 205,882,352.00 "," 9,099,999.96 ",,," 9,099,999.96 "
K347,0.0792," 205,882,352.00 "," 16,305,882.28 ",,," 16,305,882.28 "
K348,0.0442," 205,882,352.00 "," 9,099,999.96 ",,," 9,099,999.96 "
K349,0.0442," 205,882,352.00 "," 9,099,999.96 ",,," 9,099,999.96 "
K350,0.0442," 205,882,352.00 "," 9,099,999.96 ",,," 9,099,999.96 "
K351,0.0442," 205,882,352.00 "," 9,099,999.96 ",,," 9,099,999.96 "
K352,0.0442," 205,882,352.00 "," 9,099,999.96 ",,," 9,099,999.96 "
K353,0.0442," 205,882,352.00 "," 9,099,999.96 ",,," 9,099,999.96 "
K354,0.0442," 205,882,352.00 "," 9,099,999.96 ",,," 9,099,999.96 "
K355,0.0442," 205,882,352.00 "," 9,099,999.96 ",,," 9,099,999.96 "
K356,0.0442," 205,882,352.00 "," 9,099,999.96 ",,," 9,099,999.96 "
K357,0.0442," 205,882,352.00 "," 9,099,999.96 ",,," 9,099,999.96 "
,,, -   ,,,
,,," 15,451,499,341.13 ",,,
